-- MySQL dump 10.13  Distrib 8.0.40, for Win64 (x86_64)
--
-- Host: leimprojeto.mysql.database.azure.com    Database: gamesplatform
-- ------------------------------------------------------
-- Server version	8.0.41-azure

/*!40101 SET @OLD_CHARACTER_SET_CLIENT=@@CHARACTER_SET_CLIENT */;
/*!40101 SET @OLD_CHARACTER_SET_RESULTS=@@CHARACTER_SET_RESULTS */;
/*!40101 SET @OLD_COLLATION_CONNECTION=@@COLLATION_CONNECTION */;
/*!50503 SET NAMES utf8 */;
/*!40103 SET @OLD_TIME_ZONE=@@TIME_ZONE */;
/*!40103 SET TIME_ZONE='+00:00' */;
/*!40014 SET @OLD_UNIQUE_CHECKS=@@UNIQUE_CHECKS, UNIQUE_CHECKS=0 */;
/*!40014 SET @OLD_FOREIGN_KEY_CHECKS=@@FOREIGN_KEY_CHECKS, FOREIGN_KEY_CHECKS=0 */;
/*!40101 SET @OLD_SQL_MODE=@@SQL_MODE, SQL_MODE='NO_AUTO_VALUE_ON_ZERO' */;
/*!40111 SET @OLD_SQL_NOTES=@@SQL_NOTES, SQL_NOTES=0 */;

--
-- Table structure for table `ai`
--

DROP TABLE IF EXISTS `ai`;
/*!40101 SET @saved_cs_client     = @@character_set_client */;
/*!50503 SET character_set_client = utf8mb4 */;
CREATE TABLE `ai` (
  `difficulty` enum('easy','intermediate','expert') NOT NULL,
  `username` varchar(20) NOT NULL,
  PRIMARY KEY (`username`),
  CONSTRAINT `ai_ibfk_1` FOREIGN KEY (`username`) REFERENCES `player` (`username`)
) ENGINE=InnoDB DEFAULT CHARSET=utf8mb4 COLLATE=utf8mb4_0900_ai_ci;
/*!40101 SET character_set_client = @saved_cs_client */;

--
-- Dumping data for table `ai`
--

LOCK TABLES `ai` WRITE;
/*!40000 ALTER TABLE `ai` DISABLE KEYS */;
INSERT INTO `ai` VALUES ('easy','EasyAI'),('expert','ExpertAI'),('intermediate','IntermediateAI');
/*!40000 ALTER TABLE `ai` ENABLE KEYS */;
UNLOCK TABLES;

--
-- Table structure for table `badge`
--

DROP TABLE IF EXISTS `badge`;
/*!40101 SET @saved_cs_client     = @@character_set_client */;
/*!50503 SET character_set_client = utf8mb4 */;
CREATE TABLE `badge` (
  `my_row_id` bigint unsigned NOT NULL AUTO_INCREMENT /*!80023 INVISIBLE */,
  `title` varchar(30) NOT NULL,
  `descript` text,
  PRIMARY KEY (`my_row_id`)
) ENGINE=InnoDB AUTO_INCREMENT=11 DEFAULT CHARSET=utf8mb4 COLLATE=utf8mb4_0900_ai_ci;
/*!40101 SET character_set_client = @saved_cs_client */;

--
-- Dumping data for table `badge`
--

LOCK TABLES `badge` WRITE;
/*!40000 ALTER TABLE `badge` DISABLE KEYS */;
INSERT INTO `badge` (`my_row_id`, `title`, `descript`) VALUES (1,'First Match','Played your very first match'),(2,'Grinder','Played 10 matches in a single day'),(3,'Veteran','Played 100 matches'),(4,'Breakthrough Win','Won your first match'),(5,'Unstoppable','Won 5 matches in a row'),(6,'Game Master','Won 100 matches'),(7,'High Performer','Reached Top 30 in a game'),(8,'Elite Ranker','Reached Top 10 in a game'),(9,'Podium Legend','Reached Top 3 in a game'),(10,'Invincible','Reached Rank 1 in a game');
/*!40000 ALTER TABLE `badge` ENABLE KEYS */;
UNLOCK TABLES;

--
-- Table structure for table `game`
--

DROP TABLE IF EXISTS `game`;
/*!40101 SET @saved_cs_client     = @@character_set_client */;
/*!50503 SET character_set_client = utf8mb4 */;
CREATE TABLE `game` (
  `title` varchar(30) NOT NULL,
  `descript` text,
  PRIMARY KEY (`title`)
) ENGINE=InnoDB DEFAULT CHARSET=utf8mb4 COLLATE=utf8mb4_0900_ai_ci;
/*!40101 SET character_set_client = @saved_cs_client */;

--
-- Dumping data for table `game`
--

LOCK TABLES `game` WRITE;
/*!40000 ALTER TABLE `game` DISABLE KEYS */;
INSERT INTO `game` VALUES ('Connect4',NULL),('TicTacToe',NULL);
/*!40000 ALTER TABLE `game` ENABLE KEYS */;
UNLOCK TABLES;

--
-- Table structure for table `gamematch`
--

DROP TABLE IF EXISTS `gamematch`;
/*!40101 SET @saved_cs_client     = @@character_set_client */;
/*!50503 SET character_set_client = utf8mb4 */;
CREATE TABLE `gamematch` (
  `matchId` int NOT NULL AUTO_INCREMENT,
  `maxUsers` int NOT NULL DEFAULT '2',
  `dhInicio` datetime NOT NULL DEFAULT CURRENT_TIMESTAMP,
  `dhFim` datetime DEFAULT NULL,
  `title` varchar(30) DEFAULT NULL,
  `winner` enum('1','2','3','draw') DEFAULT NULL,
  PRIMARY KEY (`matchId`),
  KEY `title` (`title`),
  CONSTRAINT `gamematch_ibfk_1` FOREIGN KEY (`title`) REFERENCES `game` (`title`),
  CONSTRAINT `chk_dates` CHECK ((`dhFim` > `dhInicio`)),
  CONSTRAINT `chk_maxUsers` CHECK (((`maxUsers` = 2) or (`maxUsers` = 3)))
) ENGINE=InnoDB AUTO_INCREMENT=180 DEFAULT CHARSET=utf8mb4 COLLATE=utf8mb4_0900_ai_ci;
/*!40101 SET character_set_client = @saved_cs_client */;

--
-- Dumping data for table `gamematch`
--

LOCK TABLES `gamematch` WRITE;
/*!40000 ALTER TABLE `gamematch` DISABLE KEYS */;
INSERT INTO `gamematch` VALUES (22,2,'2025-06-17 21:53:20',NULL,'TicTacToe',NULL),(23,2,'2025-06-17 21:53:23',NULL,'TicTacToe',NULL),(24,2,'2025-06-17 21:57:10',NULL,'TicTacToe',NULL),(25,2,'2025-06-17 21:57:12',NULL,'TicTacToe',NULL),(26,2,'2025-06-17 21:59:22',NULL,'TicTacToe',NULL),(27,2,'2025-06-17 22:04:49',NULL,'TicTacToe',NULL),(28,2,'2025-06-17 22:05:07',NULL,'TicTacToe',NULL),(29,2,'2025-06-17 22:08:16',NULL,'TicTacToe',NULL),(30,2,'2025-06-17 22:12:13','2025-06-17 22:12:32','TicTacToe','1'),(31,2,'2025-06-17 22:17:10','2025-06-17 22:17:28','TicTacToe','1'),(32,2,'2025-06-17 22:21:49','2025-06-17 22:21:56','TicTacToe','1'),(51,2,'2025-06-30 23:15:49','2025-06-30 23:16:38','Connect4','1'),(52,2,'2025-06-30 23:23:51','2025-06-30 23:24:11','TicTacToe','2'),(53,2,'2025-06-30 23:34:00','2025-06-30 23:34:20','Connect4','2'),(54,2,'2025-07-02 21:03:18','2025-07-02 21:04:06','Connect4','1'),(55,2,'2025-07-02 21:46:39','2025-07-02 21:47:13','Connect4','1'),(56,2,'2025-07-03 22:07:30',NULL,'Connect4',NULL),(57,2,'2025-07-03 22:22:47',NULL,'Connect4',NULL),(58,2,'2025-07-03 22:24:56',NULL,'Connect4',NULL),(59,2,'2025-07-03 22:26:10',NULL,'Connect4',NULL),(60,2,'2025-07-03 22:30:37',NULL,'Connect4',NULL),(61,2,'2025-07-03 22:35:49',NULL,'Connect4',NULL),(62,2,'2025-07-03 22:37:06','2025-07-03 22:37:17','Connect4','1'),(63,2,'2025-07-03 22:39:58','2025-07-03 22:40:18','Connect4','1'),(64,2,'2025-07-03 22:42:04',NULL,'TicTacToe',NULL),(65,2,'2025-07-03 22:54:36','2025-07-03 22:54:52','TicTacToe','draw'),(66,2,'2025-07-03 22:58:42','2025-07-03 22:58:51','TicTacToe','draw'),(67,2,'2025-07-03 22:59:35','2025-07-03 22:59:57','Connect4','1'),(68,2,'2025-07-03 23:01:23','2025-07-03 23:01:36','TicTacToe','1'),(69,2,'2025-07-03 23:05:22','2025-07-03 23:05:50','TicTacToe','2'),(70,2,'2025-07-03 23:07:09',NULL,'TicTacToe',NULL),(71,2,'2025-07-03 23:07:09','2025-07-03 23:07:19','TicTacToe','1'),(72,2,'2025-07-03 23:10:24','2025-07-03 23:10:46','Connect4','1'),(73,2,'2025-07-05 14:53:57','2025-07-05 14:54:18','TicTacToe','1'),(74,2,'2025-07-05 14:59:41','2025-07-05 14:59:47','TicTacToe','1'),(75,2,'2025-07-05 15:24:45','2025-07-05 15:24:58','TicTacToe','1'),(76,2,'2025-07-05 15:39:28','2025-07-05 15:39:39','TicTacToe','1'),(77,2,'2025-07-05 16:02:13','2025-07-05 16:02:25','Connect4','1'),(78,2,'2025-07-06 17:27:47','2025-07-06 17:28:06','TicTacToe','2'),(79,2,'2025-07-07 17:41:07','2025-07-07 17:41:30','Connect4','1'),(80,2,'2025-07-07 17:42:50','2025-07-07 17:42:57','TicTacToe','1'),(81,2,'2025-07-07 17:48:31','2025-07-07 17:49:33','Connect4','1'),(82,2,'2025-07-07 17:49:36',NULL,'Connect4',NULL),(83,2,'2025-07-07 17:53:39','2025-07-07 17:54:03','Connect4','1'),(84,2,'2025-07-07 17:54:38','2025-07-07 17:54:43','TicTacToe','1'),(85,2,'2025-07-07 19:06:38','2025-07-07 19:06:55','TicTacToe','1'),(86,2,'2025-07-07 22:19:43','2025-07-07 22:19:56','TicTacToe','1'),(87,2,'2025-07-07 22:19:58','2025-07-08 15:21:43','TicTacToe','1'),(88,2,'2025-07-08 15:23:06','2025-07-08 15:24:52','Connect4','2'),(89,2,'2025-07-08 15:25:10','2025-07-08 15:25:16','TicTacToe','1'),(90,2,'2025-07-08 15:25:26','2025-07-08 15:25:34','TicTacToe','draw'),(91,2,'2025-07-08 15:27:35','2025-07-08 15:27:41','TicTacToe','2'),(92,2,'2025-07-08 15:29:24','2025-07-08 15:29:43','Connect4','1'),(93,2,'2025-07-08 15:38:25','2025-07-08 15:39:24','Connect4','1'),(94,2,'2025-07-08 15:51:28','2025-07-08 15:51:31','TicTacToe','1'),(95,2,'2025-07-08 15:51:34',NULL,'TicTacToe',NULL),(96,2,'2025-07-08 15:51:34','2025-07-08 15:51:39','TicTacToe','1'),(97,2,'2025-07-08 15:51:50','2025-07-08 15:52:15','Connect4','1'),(98,2,'2025-07-08 15:52:17',NULL,'Connect4',NULL),(99,2,'2025-07-08 15:52:17','2025-07-08 15:52:35','Connect4','1'),(100,2,'2025-07-08 15:55:08','2025-07-08 15:55:16','TicTacToe','draw'),(101,2,'2025-07-08 16:06:33','2025-07-08 16:06:38','TicTacToe','draw'),(102,2,'2025-07-08 16:06:39',NULL,'TicTacToe',NULL),(103,2,'2025-07-08 16:06:39','2025-07-08 16:06:40','TicTacToe','1'),(104,2,'2025-07-08 16:06:59',NULL,'TicTacToe',NULL),(105,2,'2025-07-08 16:06:59','2025-07-08 16:07:01','TicTacToe','1'),(106,2,'2025-07-08 16:07:02',NULL,'TicTacToe',NULL),(107,2,'2025-07-08 16:07:02','2025-07-08 16:07:35','TicTacToe','1'),(108,2,'2025-07-08 16:07:49',NULL,'TicTacToe',NULL),(109,2,'2025-07-08 16:07:49','2025-07-08 16:08:20','TicTacToe','1'),(110,2,'2025-07-08 16:10:07','2025-07-08 16:10:24','TicTacToe','1'),(111,2,'2025-07-08 16:10:36','2025-07-08 16:10:47','TicTacToe','1'),(112,2,'2025-07-08 16:35:51','2025-07-08 16:36:23','Connect4','1'),(113,2,'2025-07-08 16:36:36',NULL,'TicTacToe',NULL),(114,2,'2025-07-08 16:37:06','2025-07-08 16:37:16','TicTacToe','draw'),(115,2,'2025-07-08 16:37:17',NULL,'TicTacToe',NULL),(116,2,'2025-07-08 16:37:17','2025-07-08 16:37:25','TicTacToe','draw'),(117,2,'2025-07-08 16:37:26',NULL,'TicTacToe',NULL),(118,2,'2025-07-08 16:37:26','2025-07-08 16:37:35','TicTacToe','draw'),(119,2,'2025-07-08 16:39:54','2025-07-08 16:41:06','Connect4','2'),(120,2,'2025-07-08 16:52:11','2025-07-08 16:52:54','TicTacToe','1'),(121,2,'2025-07-08 16:52:56',NULL,'TicTacToe',NULL),(122,2,'2025-07-08 16:52:56','2025-07-08 16:53:03','TicTacToe','1'),(123,2,'2025-07-08 16:53:13','2025-07-08 16:54:23','Connect4','1'),(124,2,'2025-07-08 16:58:04','2025-07-08 16:58:30','TicTacToe','1'),(125,2,'2025-07-08 16:59:38','2025-07-08 16:59:51','TicTacToe','draw'),(126,2,'2025-07-08 16:59:56',NULL,'TicTacToe',NULL),(127,2,'2025-07-08 16:59:56','2025-07-08 17:00:22','TicTacToe','draw'),(128,2,'2025-07-08 17:00:24',NULL,'TicTacToe',NULL),(129,2,'2025-07-08 17:00:24','2025-07-08 17:00:33','TicTacToe','draw'),(130,2,'2025-07-08 17:06:30','2025-07-08 17:06:50','Connect4','1'),(131,2,'2025-07-08 17:22:09','2025-07-08 17:22:12','TicTacToe','2'),(132,2,'2025-07-08 17:22:20',NULL,'TicTacToe',NULL),(133,2,'2025-07-08 17:22:20','2025-07-08 17:22:24','TicTacToe','2'),(134,2,'2025-07-08 17:22:36','2025-07-08 17:22:38','Connect4','1'),(135,2,'2025-07-08 17:24:15','2025-07-08 17:24:22','Connect4','1'),(136,2,'2025-07-08 21:26:10','2025-07-08 21:26:30','TicTacToe','1'),(137,2,'2025-07-08 21:26:32',NULL,'TicTacToe',NULL),(138,2,'2025-07-08 21:26:32','2025-07-08 21:26:57','TicTacToe','1'),(139,2,'2025-07-08 21:26:59',NULL,'TicTacToe',NULL),(140,2,'2025-07-08 21:26:59','2025-07-08 21:27:01','TicTacToe','1'),(141,2,'2025-07-08 21:27:02',NULL,'TicTacToe',NULL),(142,2,'2025-07-08 21:27:02','2025-07-08 21:27:22','TicTacToe','1'),(143,2,'2025-07-08 21:28:04','2025-07-08 21:28:11','TicTacToe','2'),(144,2,'2025-07-08 21:28:13',NULL,'TicTacToe',NULL),(145,2,'2025-07-08 21:28:13','2025-07-08 21:28:27','TicTacToe','draw'),(146,2,'2025-07-08 21:28:29',NULL,'TicTacToe',NULL),(147,2,'2025-07-08 21:28:29','2025-07-08 21:28:42','TicTacToe','draw'),(148,2,'2025-07-08 21:28:44',NULL,'TicTacToe',NULL),(149,2,'2025-07-08 21:28:44','2025-07-08 21:28:49','TicTacToe','2'),(150,2,'2025-07-08 21:29:01','2025-07-08 21:29:06','TicTacToe','2'),(151,2,'2025-07-08 21:29:08',NULL,'TicTacToe',NULL),(152,2,'2025-07-08 21:29:08','2025-07-08 21:29:15','TicTacToe','draw'),(153,2,'2025-07-08 21:29:16',NULL,'TicTacToe',NULL),(154,2,'2025-07-08 21:29:16','2025-07-08 21:29:20','TicTacToe','2'),(155,2,'2025-07-08 21:29:21',NULL,'TicTacToe',NULL),(156,2,'2025-07-08 21:29:21','2025-07-08 21:29:27','TicTacToe','draw'),(157,2,'2025-07-08 21:29:28',NULL,'TicTacToe',NULL),(158,2,'2025-07-08 21:29:28','2025-07-08 21:29:32','TicTacToe','2'),(159,2,'2025-07-08 21:29:34',NULL,'TicTacToe',NULL),(160,2,'2025-07-08 21:29:34','2025-07-08 21:29:40','TicTacToe','1'),(161,2,'2025-07-08 21:29:50','2025-07-08 21:30:00','Connect4','1'),(162,2,'2025-07-08 21:30:10','2025-07-08 21:30:14','Connect4','1'),(163,2,'2025-07-08 21:30:18',NULL,'Connect4',NULL),(164,2,'2025-07-08 21:30:18','2025-07-08 21:30:33','Connect4','2'),(165,2,'2025-07-08 21:30:36',NULL,'Connect4',NULL),(166,2,'2025-07-08 21:30:36','2025-07-08 21:30:45','Connect4','1'),(167,2,'2025-07-08 21:32:04','2025-07-08 21:32:46','TicTacToe','draw'),(168,2,'2025-07-08 21:32:48','2025-07-08 21:40:57','TicTacToe','1'),(169,2,'2025-07-08 21:43:13',NULL,'TicTacToe',NULL),(170,2,'2025-07-08 21:58:16','2025-07-08 21:58:23','Connect4','1'),(171,2,'2025-07-08 21:58:50','2025-07-08 21:59:47','Connect4','1'),(172,2,'2025-07-13 10:13:20','2025-07-13 10:13:24','Connect4','1'),(173,2,'2025-07-13 10:39:31','2025-07-13 10:39:36','TicTacToe','1'),(174,2,'2025-07-13 10:40:45','2025-07-13 10:40:56','Connect4','1'),(175,2,'2025-07-13 10:52:32','2025-07-13 10:52:34','TicTacToe','1'),(176,2,'2025-07-13 10:53:51','2025-07-13 10:54:06','Connect4','1'),(178,2,'2025-07-13 11:09:04','2025-07-13 11:09:21','TicTacToe','1'),(179,2,'2025-07-13 11:10:02',NULL,'TicTacToe',NULL);
/*!40000 ALTER TABLE `gamematch` ENABLE KEYS */;
UNLOCK TABLES;

--
-- Table structure for table `move`
--

DROP TABLE IF EXISTS `move`;
/*!40101 SET @saved_cs_client     = @@character_set_client */;
/*!50503 SET character_set_client = utf8mb4 */;
CREATE TABLE `move` (
  `matchId` int NOT NULL,
  `origin` varchar(5) NOT NULL,
  `destiny` varchar(5) NOT NULL,
  `piece` varchar(10) DEFAULT NULL,
  `turn` enum('1','2','3') NOT NULL,
  `id` int NOT NULL AUTO_INCREMENT,
  PRIMARY KEY (`matchId`,`id`),
  UNIQUE KEY `id` (`id`)
) ENGINE=InnoDB AUTO_INCREMENT=782 DEFAULT CHARSET=utf8mb4 COLLATE=utf8mb4_0900_ai_ci;
/*!40101 SET character_set_client = @saved_cs_client */;

--
-- Dumping data for table `move`
--

LOCK TABLES `move` WRITE;
/*!40000 ALTER TABLE `move` DISABLE KEYS */;
INSERT INTO `move` VALUES (0,'5','5','Red','1',56),(0,'2','2','Yellow','2',57),(0,'5','5','Red','1',58),(0,'4','4','Yellow','2',59),(0,'5','5','Red','1',60),(0,'4','4','Yellow','2',61),(0,'5','5','Red','1',62),(0,'5','5','Red','1',63),(0,'6','6','Yellow','2',64),(0,'5','5','Red','1',65),(0,'4','4','Yellow','2',66),(0,'5','5','Red','1',67),(0,'2','2','Yellow','2',68),(0,'5','5','Red','1',69),(0,'2','2','Yellow','2',70),(0,'5','5','Red','1',71),(0,'4','4','Red','1',72),(0,'1','1','Yellow','2',73),(0,'4','4','Red','1',74),(0,'3','3','Yellow','2',75),(0,'4','4','Red','1',76),(0,'1','1','Yellow','2',77),(26,'5','5','X','1',6),(26,'3','3','O','2',7),(27,'5','5','X','1',8),(29,'5','5','X','1',9),(29,'3','3','O','2',10),(29,'6','6','X','1',11),(29,'9','9','O','2',12),(29,'4','4','X','1',13),(29,'8','8','O','2',14),(30,'5','5','X','1',15),(30,'3','3','O','2',16),(30,'6','6','X','1',17),(30,'9','9','O','2',18),(30,'4','4','X','1',19),(31,'5','5','X','1',20),(31,'3','3','O','2',21),(31,'6','6','X','1',22),(31,'9','9','O','2',23),(31,'4','4','X','1',24),(32,'5','5','X','1',25),(32,'3','3','O','2',26),(32,'6','6','X','1',27),(32,'9','9','O','2',28),(51,'3','3','Red','1',31),(51,'61','61','Red','1',32),(51,'3','3','Red','1',33),(51,'01','01','Red','1',34),(51,'3','3','Red','1',35),(51,'61','61','Red','1',36),(51,'3','3','Red','1',37),(52,'5','5','X','1',38),(52,'9','9','O','2',39),(52,'1','1','X','1',40),(52,'3','3','O','2',41),(52,'8','8','X','1',42),(54,'4','4','Red','1',43),(54,'51','51','Yellow','2',44),(54,'4','4','Red','1',45),(54,'21','21','Yellow','2',46),(54,'4','4','Red','1',47),(54,'51','51','Yellow','2',48),(54,'4','4','Red','1',49),(55,'3','3','Red','1',50),(55,'4','4','Yellow','2',51),(55,'3','3','Red','1',52),(55,'4','4','Yellow','2',53),(55,'3','3','Red','1',54),(55,'4','4','Yellow','2',55),(62,'4','4','Red','1',78),(62,'7','7','Yellow','2',79),(62,'4','4','Red','1',80),(62,'5','5','Yellow','2',81),(62,'4','4','Red','1',82),(62,'5','5','Yellow','2',83),(62,'4','4','Red','1',84),(63,'4','4','Red','1',85),(63,'2','2','Yellow','2',86),(63,'4','4','Red','1',87),(63,'6','6','Yellow','2',88),(63,'4','4','Red','1',89),(63,'5','5','Yellow','2',90),(63,'4','4','Red','1',91),(66,'5','5','X','1',92),(66,'1','1','O','2',93),(66,'7','7','X','1',94),(66,'3','3','O','2',95),(66,'2','2','X','1',96),(66,'8','8','O','2',97),(66,'9','9','X','1',98),(66,'6','6','O','2',99),(66,'4','4','X','1',100),(67,'4','4','Red','1',101),(67,'1','1','Yellow','2',102),(67,'4','4','Red','1',103),(67,'5','5','Yellow','2',104),(67,'4','4','Red','1',105),(67,'4','4','Yellow','2',106),(67,'3','3','Red','1',107),(67,'4','4','Yellow','2',108),(67,'3','3','Red','1',109),(67,'2','2','Yellow','2',110),(67,'3','3','Red','1',111),(67,'3','3','Yellow','2',112),(67,'2','2','Red','1',113),(67,'2','2','Yellow','2',114),(67,'5','5','Red','1',115),(68,'5','5','X','1',116),(68,'9','9','O','2',117),(68,'4','4','X','1',118),(68,'8','8','O','2',119),(69,'5','5','X','1',120),(69,'6','6','O','2',121),(69,'7','7','X','1',122),(69,'3','3','O','2',123),(69,'8','8','X','1',124),(69,'9','9','O','2',125),(69,'2','2','X','1',126),(69,'4','4','X','1',127),(69,'1','1','X','1',128),(71,'5','5','X','1',129),(71,'1','1','O','2',130),(71,'7','7','X','1',131),(71,'8','8','O','2',132),(71,'3','3','X','1',133),(72,'4','4','Red','1',134),(72,'5','5','Yellow','2',135),(72,'4','4','Red','1',136),(72,'5','5','Yellow','2',137),(72,'4','4','Red','1',138),(72,'5','5','Yellow','2',139),(73,'5','5','X','1',140),(73,'7','7','O','2',141),(73,'4','4','X','1',142),(73,'8','8','O','2',143),(74,'5','5','X','1',144),(74,'6','6','O','2',145),(74,'7','7','X','1',146),(74,'9','9','O','2',147),(74,'3','3','X','1',148),(75,'5','5','X','1',149),(75,'7','7','O','2',150),(75,'4','4','X','1',151),(75,'8','8','O','2',152),(76,'5','5','X','1',153),(76,'7','7','O','2',154),(76,'6','6','X','1',155),(76,'8','8','O','2',156),(77,'4','4','Red','1',157),(77,'5','5','Yellow','2',158),(77,'4','4','Red','1',159),(77,'5','5','Yellow','2',160),(77,'4','4','Red','1',161),(77,'5','5','Yellow','2',162),(77,'4','4','Red','1',163),(78,'5','5','X','1',164),(78,'1','1','O','2',165),(78,'7','7','X','1',166),(78,'3','3','O','2',167),(78,'8','8','X','1',168),(78,'2','2','O','2',169),(79,'4','4','Red','1',170),(79,'5','5','Yellow','2',171),(79,'4','4','Red','1',172),(79,'5','5','Yellow','2',173),(79,'4','4','Red','1',174),(79,'5','5','Yellow','2',175),(79,'4','4','Red','1',176),(80,'5','5','X','1',177),(80,'7','7','O','2',178),(80,'4','4','X','1',179),(80,'8','8','O','2',180),(81,'1','1','Red','1',181),(81,'2','2','Yellow','2',182),(81,'3','3','Red','1',183),(81,'4','4','Yellow','2',184),(81,'5','5','Red','1',185),(81,'6','6','Yellow','2',186),(81,'7','7','Red','1',187),(81,'1','1','Yellow','2',188),(81,'2','2','Red','1',189),(81,'3','3','Yellow','2',190),(81,'4','4','Red','1',191),(81,'5','5','Yellow','2',192),(81,'6','6','Red','1',193),(81,'7','7','Yellow','2',194),(81,'1','1','Red','1',195),(81,'2','2','Yellow','2',196),(81,'3','3','Red','1',197),(81,'4','4','Yellow','2',198),(81,'4','4','Red','1',199),(82,'4','4','Red','1',200),(83,'4','4','Red','1',201),(83,'4','4','Yellow','2',202),(83,'4','4','Red','1',203),(83,'4','4','Yellow','2',204),(83,'4','4','Red','1',205),(83,'4','4','Yellow','2',206),(83,'5','5','Red','1',207),(83,'3','3','Yellow','2',208),(83,'5','5','Red','1',209),(83,'3','3','Yellow','2',210),(83,'5','5','Red','1',211),(83,'3','3','Yellow','2',212),(83,'5','5','Red','1',213),(84,'5','5','X','1',214),(84,'7','7','','2',215),(84,'4','4','X','1',216),(84,'8','8','','2',217),(84,'6','6','X','1',218),(85,'5','5','X','1',219),(85,'8','8','O','2',220),(85,'7','7','X','1',221),(85,'3','3','O','2',222),(85,'4','4','X','1',223),(85,'6','6','O','2',224),(85,'1','1','X','1',225),(86,'5','5','X','1',226),(86,'7','7','','2',227),(86,'4','4','X','1',228),(86,'8','8','','2',229),(86,'6','6','X','1',230),(87,'6','6','X','1',231),(87,'8','8','','2',232),(87,'9','9','X','1',233),(87,'5','5','','2',234),(87,'3','3','X','1',235),(87,'1','1','Red','1',236),(87,'2','2','Yellow','2',237),(87,'1','1','Red','1',238),(87,'6','6','Yellow','2',239),(87,'5','5','Red','1',240),(87,'1','1','Yellow','2',241),(87,'3','3','Red','1',242),(87,'5','5','Yellow','2',243),(87,'2','2','Red','1',244),(87,'1','1','Yellow','2',245),(87,'2','2','Red','1',246),(87,'6','6','Yellow','2',247),(87,'3','3','Red','1',248),(87,'4','4','Yellow','2',249),(87,'4','4','Red','1',250),(88,'1','1','Red','1',251),(88,'2','2','Yellow','2',252),(88,'3','3','Red','1',253),(88,'2','2','Yellow','2',254),(88,'2','2','Red','1',255),(88,'3','3','Yellow','2',256),(88,'4','4','Red','1',257),(88,'1','1','Yellow','2',258),(88,'4','4','Red','1',259),(88,'4','4','Yellow','2',260),(88,'5','5','Red','1',261),(88,'6','6','Yellow','2',262),(88,'5','5','Red','1',263),(88,'3','3','Yellow','2',264),(88,'6','6','Red','1',265),(88,'3','3','Yellow','2',266),(88,'3','3','Red','1',267),(88,'5','5','Yellow','2',268),(88,'5','5','Red','1',269),(88,'6','6','Yellow','2',270),(89,'7','7','X','1',271),(89,'2','2','O','2',272),(89,'5','5','X','1',273),(89,'1','1','O','2',274),(89,'3','3','X','1',275),(90,'7','7','X','1',276),(90,'5','5','O','2',277),(90,'9','9','X','1',278),(90,'8','8','O','2',279),(90,'2','2','X','1',280),(90,'4','4','O','2',281),(90,'6','6','X','1',282),(90,'3','3','O','2',283),(90,'1','1','X','1',284),(91,'7','7','X','1',285),(91,'5','5','O','2',286),(91,'8','8','X','1',287),(91,'9','9','O','2',288),(91,'6','6','X','1',289),(91,'1','1','O','2',290),(92,'3','3','Red','1',291),(92,'7','7','Yellow','2',292),(92,'3','3','Red','1',293),(92,'3','3','Yellow','2',294),(92,'4','4','Red','1',295),(92,'7','7','Yellow','2',296),(92,'4','4','Red','1',297),(92,'1','1','Yellow','2',298),(92,'4','4','Red','1',299),(92,'4','4','Yellow','2',300),(92,'5','5','Red','1',301),(92,'5','5','Yellow','2',302),(92,'6','6','Red','1',303),(93,'4','4','Red','1',304),(93,'7','7','Yellow','2',305),(93,'4','4','Red','1',306),(93,'1','1','Yellow','2',307),(93,'4','4','Red','1',308),(93,'1','1','Yellow','2',309),(93,'4','4','Red','1',310),(94,'5','5','X','1',311),(94,'2','2','O','2',312),(94,'9','9','X','1',313),(94,'8','8','O','2',314),(94,'1','1','X','1',315),(96,'5','5','X','1',316),(96,'1','1','O','2',317),(96,'3','3','X','1',318),(96,'2','2','O','2',319),(96,'7','7','X','1',320),(97,'4','4','Red','1',321),(97,'3','3','Yellow','2',322),(97,'5','5','Red','1',323),(97,'3','3','Yellow','2',324),(97,'4','4','Red','1',325),(97,'5','5','Yellow','2',326),(97,'3','3','Red','1',327),(97,'4','4','Yellow','2',328),(97,'5','5','Red','1',329),(97,'7','7','Yellow','2',330),(97,'2','2','Red','1',331),(97,'3','3','Yellow','2',332),(97,'6','6','Red','1',333),(97,'2','2','Yellow','2',334),(97,'2','2','Red','1',335),(97,'4','4','Yellow','2',336),(97,'2','2','Red','1',337),(99,'4','4','Red','1',338),(99,'6','6','Yellow','2',339),(99,'5','5','Red','1',340),(99,'2','2','Yellow','2',341),(99,'3','3','Red','1',342),(99,'3','3','Yellow','2',343),(99,'4','4','Red','1',344),(99,'6','6','Yellow','2',345),(99,'5','5','Red','1',346),(99,'3','3','Yellow','2',347),(99,'5','5','Red','1',348),(99,'5','5','Yellow','2',349),(99,'4','4','Red','1',350),(99,'2','2','Yellow','2',351),(99,'4','4','Red','1',352),(100,'3','3','X','1',353),(100,'6','6','O','2',354),(100,'7','7','X','1',355),(100,'5','5','O','2',356),(100,'4','4','X','1',357),(100,'1','1','O','2',358),(100,'9','9','X','1',359),(100,'8','8','O','2',360),(100,'2','2','X','1',361),(101,'1','1','X','1',362),(101,'8','8','O','2',363),(101,'9','9','X','1',364),(101,'5','5','O','2',365),(101,'4','4','O','2',366),(101,'2','2','X','1',367),(101,'6','6','X','1',368),(101,'3','3','O','2',369),(101,'7','7','X','1',370),(103,'6','6','X','1',371),(103,'8','8','O','2',372),(103,'9','9','X','1',373),(103,'1','1','O','2',374),(103,'3','3','X','1',375),(105,'9','9','X','1',376),(105,'4','4','O','2',377),(105,'6','6','X','1',378),(105,'2','2','O','2',379),(105,'3','3','X','1',380),(107,'2','2','X','1',381),(107,'6','6','O','2',382),(107,'5','5','X','1',383),(107,'3','3','O','2',384),(107,'8','8','X','1',385),(109,'1','1','O','2',386),(109,'3','3','X','1',387),(109,'9','9','X','1',388),(109,'5','5','O','2',389),(109,'6','6','X','1',390),(110,'9','9','X','1',391),(110,'5','5','','2',392),(110,'6','6','X','1',393),(110,'2','2','','2',394),(110,'3','3','X','1',395),(111,'9','9','X','1',396),(111,'5','5','','2',397),(111,'6','6','X','1',398),(111,'2','2','','2',399),(111,'3','3','X','1',400),(112,'7','7','Red','1',401),(112,'2','2','Yellow','2',402),(112,'6','6','Red','1',403),(112,'5','5','Yellow','2',404),(112,'6','6','Red','1',405),(112,'3','3','Yellow','2',406),(112,'4','4','Red','1',407),(112,'6','6','Yellow','2',408),(112,'5','5','Red','1',409),(112,'7','7','Yellow','2',410),(112,'4','4','Red','1',411),(112,'3','3','Yellow','2',412),(112,'4','4','Red','1',413),(112,'7','7','Yellow','2',414),(112,'3','3','Red','1',415),(112,'5','5','Yellow','2',416),(112,'3','3','Red','1',417),(113,'3','3','X','1',418),(113,'1','1','O','2',419),(113,'6','6','O','2',420),(113,'7','7','X','1',421),(114,'3','3','X','1',422),(114,'5','5','O','2',423),(114,'1','1','X','1',424),(114,'2','2','O','2',425),(114,'8','8','X','1',426),(114,'4','4','O','2',427),(114,'6','6','X','1',428),(114,'9','9','O','2',429),(114,'7','7','X','1',430),(116,'9','9','X','1',431),(116,'5','5','O','2',432),(116,'7','7','X','1',433),(116,'8','8','O','2',434),(116,'2','2','X','1',435),(116,'4','4','O','2',436),(116,'6','6','X','1',437),(116,'3','3','O','2',438),(116,'1','1','X','1',439),(118,'5','5','X','1',440),(118,'1','1','O','2',441),(118,'7','7','X','1',442),(118,'3','3','O','2',443),(118,'2','2','X','1',444),(118,'8','8','O','2',445),(118,'6','6','X','1',446),(118,'4','4','O','2',447),(118,'9','9','X','1',448),(119,'4','4','Red','1',449),(119,'6','6','Yellow','2',450),(119,'5','5','Red','1',451),(119,'5','5','Yellow','2',452),(119,'3','3','Red','1',453),(119,'2','2','Yellow','2',454),(119,'3','3','Red','1',455),(119,'5','5','Yellow','2',456),(119,'3','3','Red','1',457),(119,'3','3','Yellow','2',458),(119,'2','2','Red','1',459),(119,'4','4','Yellow','2',460),(119,'5','5','Red','1',461),(119,'4','4','Yellow','2',462),(120,'1','1','X','1',463),(120,'3','3','O','2',464),(120,'9','9','X','1',465),(120,'7','7','O','2',466),(120,'5','5','X','1',467),(122,'3','3','X','1',468),(122,'2','2','O','2',469),(122,'4','4','X','1',470),(122,'1','1','O','2',471),(122,'5','5','X','1',472),(122,'6','6','O','2',473),(122,'7','7','X','1',474),(123,'1','1','Red','1',475),(123,'7','7','Yellow','2',476),(123,'3','3','Red','1',477),(123,'4','4','Yellow','2',478),(123,'4','4','Red','1',479),(123,'3','3','Yellow','2',480),(123,'6','6','Red','1',481),(123,'5','5','Yellow','2',482),(123,'6','6','Red','1',483),(123,'7','7','Yellow','2',484),(123,'5','5','Red','1',485),(123,'2','2','Yellow','2',486),(123,'5','5','Red','1',487),(123,'4','4','Yellow','2',488),(123,'5','5','Red','1',489),(123,'4','4','Yellow','2',490),(123,'5','5','Red','1',491),(124,'1','1','X','1',492),(124,'5','5','','2',493),(124,'9','9','X','1',494),(124,'7','7','','2',495),(124,'3','3','X','1',496),(124,'6','6','','2',497),(124,'2','2','X','1',498),(125,'1','1','X','1',499),(125,'5','5','O','2',500),(125,'8','8','X','1',501),(125,'4','4','O','2',502),(125,'6','6','X','1',503),(125,'3','3','O','2',504),(125,'7','7','X','1',505),(125,'9','9','O','2',506),(125,'2','2','X','1',507),(127,'5','5','X','1',508),(127,'1','1','O','2',509),(127,'9','9','X','1',510),(127,'3','3','O','2',511),(127,'2','2','X','1',512),(127,'8','8','O','2',513),(127,'6','6','X','1',514),(127,'4','4','O','2',515),(127,'7','7','X','1',516),(129,'6','6','X','1',517),(129,'5','5','O','2',518),(129,'1','1','X','1',519),(129,'2','2','O','2',520),(129,'8','8','X','1',521),(129,'7','7','O','2',522),(129,'3','3','X','1',523),(129,'9','9','O','2',524),(129,'4','4','X','1',525),(130,'4','4','Red','1',526),(130,'5','5','Yellow','2',527),(130,'4','4','Red','1',528),(130,'5','5','Yellow','2',529),(130,'4','4','Red','1',530),(130,'5','5','Yellow','2',531),(130,'4','4','Red','1',532),(131,'8','8','X','1',533),(131,'5','5','O','2',534),(131,'4','4','X','1',535),(131,'9','9','O','2',536),(131,'7','7','X','1',537),(131,'1','1','O','2',538),(133,'5','5','X','1',539),(133,'9','9','O','2',540),(133,'4','4','X','1',541),(133,'6','6','O','2',542),(133,'1','1','X','1',543),(133,'3','3','O','2',544),(134,'4','4','Red','1',545),(134,'7','7','Yellow','2',546),(134,'4','4','Red','1',547),(134,'7','7','Yellow','2',548),(134,'4','4','Red','1',549),(134,'1','1','Yellow','2',550),(134,'4','4','Red','1',551),(135,'4','4','Red','1',552),(135,'5','5','Yellow','2',553),(135,'4','4','Red','1',554),(135,'5','5','Yellow','2',555),(135,'4','4','Red','1',556),(135,'5','5','Yellow','2',557),(135,'4','4','Red','1',558),(136,'5','5','X','1',559),(136,'6','6','O','2',560),(136,'9','9','X','1',561),(136,'4','4','O','2',562),(136,'1','1','X','1',563),(138,'2','2','X','1',564),(138,'4','4','O','2',565),(138,'5','5','X','1',566),(138,'7','7','O','2',567),(138,'8','8','X','1',568),(140,'2','2','X','1',569),(140,'1','1','O','2',570),(140,'5','5','X','1',571),(140,'9','9','O','2',572),(140,'8','8','X','1',573),(142,'5','5','X','1',574),(142,'6','6','O','2',575),(142,'3','3','X','1',576),(142,'4','4','O','2',577),(142,'8','8','X','1',578),(142,'7','7','O','2',579),(142,'2','2','X','1',580),(143,'5','5','X','1',581),(143,'3','3','O','2',582),(143,'8','8','X','1',583),(143,'2','2','O','2',584),(143,'9','9','X','1',585),(143,'1','1','O','2',586),(145,'4','4','X','1',587),(145,'5','5','O','2',588),(145,'7','7','X','1',589),(145,'1','1','O','2',590),(145,'9','9','X','1',591),(145,'8','8','O','2',592),(145,'2','2','X','1',593),(145,'6','6','O','2',594),(145,'3','3','X','1',595),(147,'5','5','X','1',596),(147,'7','7','O','2',597),(147,'1','1','X','1',598),(147,'9','9','O','2',599),(147,'8','8','X','1',600),(147,'2','2','O','2',601),(147,'6','6','X','1',602),(147,'4','4','O','2',603),(147,'3','3','X','1',604),(149,'1','1','X','1',605),(149,'5','5','O','2',606),(149,'4','4','X','1',607),(149,'7','7','O','2',608),(149,'2','2','X','1',609),(149,'3','3','O','2',610),(150,'5','5','X','1',611),(150,'9','9','O','2',612),(150,'2','2','X','1',613),(150,'8','8','O','2',614),(150,'3','3','X','1',615),(150,'7','7','O','2',616),(152,'5','5','X','1',617),(152,'9','9','O','2',618),(152,'7','7','X','1',619),(152,'3','3','O','2',620),(152,'6','6','X','1',621),(152,'4','4','O','2',622),(152,'8','8','X','1',623),(152,'2','2','O','2',624),(152,'1','1','X','1',625),(154,'7','7','X','1',626),(154,'1','1','O','2',627),(154,'5','5','X','1',628),(154,'3','3','O','2',629),(154,'6','6','X','1',630),(154,'2','2','O','2',631),(156,'2','2','X','1',632),(156,'9','9','O','2',633),(156,'5','5','X','1',634),(156,'8','8','O','2',635),(156,'7','7','X','1',636),(156,'3','3','O','2',637),(156,'6','6','X','1',638),(156,'4','4','O','2',639),(156,'1','1','X','1',640),(158,'2','2','X','1',641),(158,'5','5','O','2',642),(158,'1','1','X','1',643),(158,'3','3','O','2',644),(158,'4','4','X','1',645),(158,'7','7','O','2',646),(160,'3','3','X','1',647),(160,'4','4','O','2',648),(160,'5','5','X','1',649),(160,'9','9','O','2',650),(160,'7','7','X','1',651),(161,'1','1','Red','1',652),(161,'4','4','Yellow','2',653),(161,'1','1','Red','1',654),(161,'4','4','Yellow','2',655),(161,'1','1','Red','1',656),(161,'7','7','Yellow','2',657),(161,'1','1','Red','1',658),(162,'1','1','Red','1',659),(162,'6','6','Yellow','2',660),(162,'1','1','Red','1',661),(162,'6','6','Yellow','2',662),(162,'1','1','Red','1',663),(162,'6','6','Yellow','2',664),(162,'1','1','Red','1',665),(164,'1','1','Red','1',666),(164,'4','4','Yellow','2',667),(164,'1','1','Red','1',668),(164,'1','1','Yellow','2',669),(164,'1','1','Red','1',670),(164,'2','2','Yellow','2',671),(164,'1','1','Red','1',672),(164,'1','1','Yellow','2',673),(164,'3','3','Red','1',674),(164,'4','4','Yellow','2',675),(164,'3','3','Red','1',676),(164,'3','3','Yellow','2',677),(164,'2','2','Red','1',678),(164,'4','4','Yellow','2',679),(164,'5','5','Red','1',680),(164,'2','2','Yellow','2',681),(166,'5','5','Red','1',682),(166,'7','7','Yellow','2',683),(166,'5','5','Red','1',684),(166,'2','2','Yellow','2',685),(166,'5','5','Red','1',686),(166,'5','5','Yellow','2',687),(166,'6','6','Red','1',688),(166,'1','1','Yellow','2',689),(166,'6','6','Red','1',690),(166,'6','6','Yellow','2',691),(166,'7','7','Red','1',692),(166,'2','2','Yellow','2',693),(166,'4','4','Red','1',694),(166,'1','1','Yellow','2',695),(166,'4','4','Red','1',696),(167,'5','5','X','1',697),(167,'1','1','','2',698),(167,'3','3','X','1',699),(167,'7','7','','2',700),(167,'4','4','X','1',701),(167,'6','6','','2',702),(167,'2','2','X','1',703),(167,'8','8','','2',704),(167,'9','9','X','1',705),(168,'1','1','X','1',706),(168,'5','5','','2',707),(168,'9','9','X','1',708),(168,'4','4','','2',709),(168,'6','6','X','1',710),(168,'3','3','','2',711),(168,'8','8','X','1',712),(168,'7','7','','2',713),(168,'5','5','X','1',714),(168,'3','3','O','2',715),(168,'7','7','X','1',716),(168,'8','8','O','2',717),(168,'1','1','X','1',718),(168,'4','4','O','2',719),(169,'5','5','X','1',720),(169,'1','1','O','2',721),(170,'4','4','Red','1',722),(170,'4','4','Yellow','2',723),(170,'3','3','Red','1',724),(170,'4','4','Yellow','2',725),(170,'2','2','Red','1',726),(170,'4','4','Yellow','2',727),(170,'5','5','Red','1',728),(171,'4','4','Red','1',729),(171,'1','1','Yellow','2',730),(171,'4','4','Red','1',731),(171,'1','1','Yellow','2',732),(171,'4','4','Red','1',733),(171,'4','4','Yellow','2',734),(171,'3','3','Red','1',735),(171,'2','2','Yellow','2',736),(171,'5','5','Red','1',737),(171,'7','7','Yellow','2',738),(171,'6','6','Red','1',739),(172,'1','1','Red','1',740),(172,'3','3','Yellow','2',741),(172,'1','1','Red','1',742),(172,'3','3','Yellow','2',743),(172,'1','1','Red','1',744),(172,'4','4','Yellow','2',745),(172,'1','1','Red','1',746),(173,'1','1','X','1',747),(173,'8','8','O','2',748),(173,'5','5','O','2',749),(173,'9','9','X','1',750),(173,'3','3','O','2',751),(173,'2','2','X','1',752),(173,'6','6','O','2',753),(173,'7','7','X','1',754),(173,'4','4','X','1',755),(174,'7','7','Red','1',756),(174,'6','6','Yellow','2',757),(174,'7','7','Red','1',758),(174,'3','3','Yellow','2',759),(174,'7','7','Red','1',760),(174,'4','4','Yellow','2',761),(174,'7','7','Red','1',762),(175,'7','7','O','2',763),(175,'1','1','X','1',764),(175,'3','3','O','2',765),(175,'5','5','X','1',766),(175,'9','9','X','1',767),(176,'4','4','Red','1',768),(176,'5','5','Yellow','2',769),(176,'4','4','Red','1',770),(176,'5','5','Yellow','2',771),(176,'4','4','Red','1',772),(176,'5','5','Yellow','2',773),(176,'4','4','Red','1',774),(178,'1','1','X','1',775),(178,'6','6','O','2',776),(178,'5','5','X','1',777),(178,'9','9','O','2',778),(178,'3','3','X','1',779),(178,'7','7','O','2',780),(178,'2','2','X','1',781);
/*!40000 ALTER TABLE `move` ENABLE KEYS */;
UNLOCK TABLES;

--
-- Table structure for table `person`
--

DROP TABLE IF EXISTS `person`;
/*!40101 SET @saved_cs_client     = @@character_set_client */;
/*!50503 SET character_set_client = utf8mb4 */;
CREATE TABLE `person` (
  `userId` int NOT NULL AUTO_INCREMENT,
  `email` varchar(100) NOT NULL,
  `passwordHash` text NOT NULL,
  `username` varchar(20) NOT NULL,
  `photoURL` text,
  PRIMARY KEY (`userId`,`username`),
  KEY `username` (`username`),
  CONSTRAINT `person_ibfk_1` FOREIGN KEY (`username`) REFERENCES `player` (`username`)
) ENGINE=InnoDB AUTO_INCREMENT=19 DEFAULT CHARSET=utf8mb4 COLLATE=utf8mb4_0900_ai_ci;
/*!40101 SET character_set_client = @saved_cs_client */;

--
-- Dumping data for table `person`
--

LOCK TABLES `person` WRITE;
/*!40000 ALTER TABLE `person` DISABLE KEYS */;
INSERT INTO `person` VALUES (1,'anacarrico2004@hotmail.com','$2y$10$Y9d3OoYPsw5Q3E6UPVBPYe/x8obiHHSDg2yNjvfu1.kX1vEu8IBda','1luvmango',NULL),(2,'luisa@gmail.com','$2y$10$ISYzZI1/KuUebwZtBzU2v.yLSUIZ0jMbInqVlQLVXl7/hebGY.cb.','luisa',NULL),(3,'susanacarrico07@hotmail.com','$2y$10$BNwn9dY4jKSARc4H0SfuA.QBnUZjBJ7OCrNxb53VnG/PGxPBbHuoS','gabriel',NULL),(6,'ines.marg@hotmail.com','$2y$10$8d/CYXRY.wUtizO87vYcMeC54fiAnttrtmoqbkaCX0mIz.2qYQpM6','ines','uploads/user_681b673e1e7c16.60108892.png'),(7,'gabi@gmail.com','$2y$10$G7ramxGYPKLwRb2aufa8ReolNvqfe97ba72bgUs/xVmRige1VEV4u','gabi','uploads/user_681b6c6a89dc81.21828431.jpg'),(8,'ines.marg@hotmail.com','$2y$10$GG0Lla4qd4381.GIxXm/teJ6NuXIIGVsUW7EDacu0pCoQZHinIFCO','imfvac','uploads/user_686d292d88a3a9.84435636.jpg'),(9,'aninha@gmail.com','$2y$10$XsQ0QVp2.DZHFJ7LRS4NsOAdotbIQfVeQRUlMKbY.QXfc6tCSjT36','ana','uploads/user_686d2d4f8c18e8.18973018.jpg'),(10,'ines.marg@hotmail.com','$2y$10$5jgbZt2hqi6iqnCZ13CJfu/h3/hxJVmRCd32S3Utu02IL9mZOK1eq','Martim','uploads/user_686d300213b160.79320341.jpg'),(11,'gdaw@gmai.com','$2y$10$lyLbIhBz5beCwEaIJaBHvO9WKJm7hSNwLEyxHQ9iDoqCezC1s/1cu','ola123','uploads/user_686d33e02081f6.13379940.jpg'),(12,'teste@gmail.com','$2y$10$xe6YY.sM/.g2Pndc01TiuuVMbRkd9E5lHMYzEfl.ti1b/XOuivIW6','teste','uploads/user_686d37bbe80fd5.34957218.jpg'),(13,'gabi@gmail.com','$2y$10$yREF2ZKN5OYjzl5814.P2OxjAFUjAKiFpO8WqMpoOjj0Rjasx25oK','clarinha33','uploads/user_686d3ab3a90059.59947757.jpg'),(14,'edumonchique@hotmail.com','$2y$10$40ngtUIE2gk3/QTpnXfqUeaLIypcjfj5WW4oGLgJkV4nZPthhExeG','edumonchique','uploads/user_686d3e49246696.16126791.jpg'),(15,'susanacarrico07@hotmail.com','$2y$10$3.TKOdciEMSeYviti./94.kDVeZZBlyEV9Y07sQeejtW/s/Ru/L8K','susy_poozy','uploads/user_686d7ec50cb3a6.24770967.jpg'),(16,'test12@gmail.com','$2y$12$.j268nxxxa0y.Yl7eVQtXOPWgdmNSS0jYjtG8sQ4ou29j3SKT6Jpm','teste12','uploads/user_68738a4c9caf82.53555477.jpg'),(17,'test12@fmail.com','$2y$12$gfg6/fWlbxBaG70baMV4kug777ZqjC6WBNhUjKB4Vye..atjLEPEa','test13',NULL),(18,'test12@fmail.com','$2y$12$xtBIOHIvBd.phHtpY2AipO9LmMNBBlp3USLMTT01nKLYNEwSx91Tm','test14','uploads/user_68738fa7a33a65.23994445.png');
/*!40000 ALTER TABLE `person` ENABLE KEYS */;
UNLOCK TABLES;

--
-- Table structure for table `personbadge`
--

DROP TABLE IF EXISTS `personbadge`;
/*!40101 SET @saved_cs_client     = @@character_set_client */;
/*!50503 SET character_set_client = utf8mb4 */;
CREATE TABLE `personbadge` (
  `title` varchar(30) NOT NULL,
  `userId` int NOT NULL,
  `dtAcquired` datetime NOT NULL,
  PRIMARY KEY (`title`,`userId`)
) ENGINE=InnoDB DEFAULT CHARSET=utf8mb4 COLLATE=utf8mb4_0900_ai_ci;
/*!40101 SET character_set_client = @saved_cs_client */;

--
-- Dumping data for table `personbadge`
--

LOCK TABLES `personbadge` WRITE;
/*!40000 ALTER TABLE `personbadge` DISABLE KEYS */;
INSERT INTO `personbadge` VALUES ('Breakthrough Win',6,'2025-06-17 22:56:37'),('Breakthrough Win',7,'2025-06-30 23:17:18'),('Breakthrough Win',8,'2025-07-08 15:25:38'),('Breakthrough Win',9,'2025-07-08 15:39:48'),('Breakthrough Win',10,'2025-07-08 15:52:41'),('Breakthrough Win',11,'2025-07-08 16:11:43'),('Breakthrough Win',13,'2025-07-08 16:37:39'),('Breakthrough Win',14,'2025-07-08 16:54:38'),('Breakthrough Win',15,'2025-07-08 21:33:49'),('Breakthrough Win',16,'2025-07-13 10:39:50'),('Breakthrough Win',17,'2025-07-13 10:41:00'),('Breakthrough Win',18,'2025-07-13 10:52:38'),('Elite Ranker',6,'2025-06-17 22:56:37'),('Elite Ranker',7,'2025-06-17 23:34:36'),('Elite Ranker',8,'2025-07-08 15:25:38'),('Elite Ranker',10,'2025-07-08 16:11:36'),('Elite Ranker',11,'2025-07-08 16:11:43'),('Elite Ranker',13,'2025-07-08 16:41:27'),('Elite Ranker',15,'2025-07-08 21:33:49'),('Elite Ranker',18,'2025-07-13 10:54:18'),('First Match',6,'2025-06-17 22:56:37'),('First Match',7,'2025-06-17 23:34:36'),('First Match',8,'2025-07-08 15:25:38'),('First Match',9,'2025-07-08 15:39:48'),('First Match',10,'2025-07-08 15:52:41'),('First Match',11,'2025-07-08 16:11:43'),('First Match',13,'2025-07-08 16:37:39'),('First Match',14,'2025-07-08 16:54:38'),('First Match',15,'2025-07-08 21:33:49'),('First Match',16,'2025-07-13 10:39:50'),('First Match',17,'2025-07-13 10:41:00'),('First Match',18,'2025-07-13 10:52:38'),('Grinder',6,'2025-07-07 17:41:32'),('Grinder',7,'2025-07-03 22:40:54'),('Grinder',11,'2025-07-08 16:11:43'),('Grinder',15,'2025-07-08 21:33:49'),('High Performer',6,'2025-06-17 22:56:37'),('High Performer',7,'2025-06-17 23:34:36'),('High Performer',8,'2025-07-08 15:25:38'),('High Performer',10,'2025-07-08 16:11:36'),('High Performer',11,'2025-07-08 16:11:43'),('High Performer',13,'2025-07-08 16:41:27'),('High Performer',15,'2025-07-08 21:33:49'),('High Performer',18,'2025-07-13 10:54:18'),('Invincible',6,'2025-06-17 22:56:37'),('Invincible',7,'2025-06-30 23:28:05'),('Invincible',11,'2025-07-08 16:11:43'),('Podium Legend',6,'2025-06-17 22:56:37'),('Podium Legend',7,'2025-06-17 23:34:36'),('Podium Legend',8,'2025-07-08 15:25:38'),('Podium Legend',11,'2025-07-08 16:11:43'),('Podium Legend',13,'2025-07-08 16:41:27'),('Podium Legend',15,'2025-07-08 21:33:49'),('Podium Legend',18,'2025-07-13 10:54:18'),('Unstoppable',6,'2025-07-08 17:06:54'),('Unstoppable',7,'2025-07-05 16:03:21'),('Unstoppable',11,'2025-07-08 16:11:43'),('Unstoppable',15,'2025-07-08 21:33:49');
/*!40000 ALTER TABLE `personbadge` ENABLE KEYS */;
UNLOCK TABLES;

--
-- Table structure for table `player`
--

DROP TABLE IF EXISTS `player`;
/*!40101 SET @saved_cs_client     = @@character_set_client */;
/*!50503 SET character_set_client = utf8mb4 */;
CREATE TABLE `player` (
  `username` varchar(20) NOT NULL,
  PRIMARY KEY (`username`)
) ENGINE=InnoDB DEFAULT CHARSET=utf8mb4 COLLATE=utf8mb4_0900_ai_ci;
/*!40101 SET character_set_client = @saved_cs_client */;

--
-- Dumping data for table `player`
--

LOCK TABLES `player` WRITE;
/*!40000 ALTER TABLE `player` DISABLE KEYS */;
INSERT INTO `player` VALUES ('1luvmango'),('ana'),('clarinha33'),('EasyAI'),('edumonchique'),('ExpertAI'),('gabi'),('gabriel'),('imfvac'),('ines'),('IntermediateAI'),('luisa'),('Martim'),('ola123'),('susy_poozy'),('test13'),('test14'),('teste'),('teste12');
/*!40000 ALTER TABLE `player` ENABLE KEYS */;
UNLOCK TABLES;

--
-- Table structure for table `playergame`
--

DROP TABLE IF EXISTS `playergame`;
/*!40101 SET @saved_cs_client     = @@character_set_client */;
/*!50503 SET character_set_client = utf8mb4 */;
CREATE TABLE `playergame` (
  `gameTitle` varchar(30) NOT NULL,
  `rating` int NOT NULL DEFAULT '400',
  `userId` int NOT NULL,
  PRIMARY KEY (`userId`,`gameTitle`),
  KEY `playergame_ibfk_2` (`gameTitle`),
  CONSTRAINT `playergame_ibfk_1` FOREIGN KEY (`userId`) REFERENCES `person` (`userId`),
  CONSTRAINT `chk_rating` CHECK ((`rating` > 0))
) ENGINE=InnoDB DEFAULT CHARSET=utf8mb4 COLLATE=utf8mb4_0900_ai_ci;
/*!40101 SET character_set_client = @saved_cs_client */;

--
-- Dumping data for table `playergame`
--

LOCK TABLES `playergame` WRITE;
/*!40000 ALTER TABLE `playergame` DISABLE KEYS */;
INSERT INTO `playergame` VALUES ('Connect4',394,6),('TicTacToe',391,6),('Connect4',419,7),('TicTacToe',377,7),('Connect4',369,8),('Connect4',384,10),('TicTacToe',384,10),('TicTacToe',416,11),('Connect4',416,13),('TicTacToe',416,14),('TicTacToe',416,15),('Connect4',418,18);
/*!40000 ALTER TABLE `playergame` ENABLE KEYS */;
UNLOCK TABLES;

--
-- Table structure for table `playermatch`
--

DROP TABLE IF EXISTS `playermatch`;
/*!40101 SET @saved_cs_client     = @@character_set_client */;
/*!50503 SET character_set_client = utf8mb4 */;
CREATE TABLE `playermatch` (
  `username` varchar(20) NOT NULL,
  `matchId` int NOT NULL,
  `playernum` int NOT NULL,
  PRIMARY KEY (`username`,`matchId`),
  KEY `matchId` (`matchId`),
  CONSTRAINT `playermatch_ibfk_1` FOREIGN KEY (`username`) REFERENCES `player` (`username`),
  CONSTRAINT `playermatch_ibfk_2` FOREIGN KEY (`matchId`) REFERENCES `gamematch` (`matchId`) ON DELETE CASCADE
) ENGINE=InnoDB DEFAULT CHARSET=utf8mb4 COLLATE=utf8mb4_0900_ai_ci;
/*!40101 SET character_set_client = @saved_cs_client */;

--
-- Dumping data for table `playermatch`
--

LOCK TABLES `playermatch` WRITE;
/*!40000 ALTER TABLE `playermatch` DISABLE KEYS */;
INSERT INTO `playermatch` VALUES ('ana',93,1),('clarinha33',111,2),('clarinha33',112,1),('clarinha33',113,1),('clarinha33',114,1),('clarinha33',115,1),('clarinha33',116,1),('clarinha33',117,1),('clarinha33',118,1),('clarinha33',119,2),('EasyAI',51,2),('EasyAI',54,2),('EasyAI',56,2),('EasyAI',57,2),('EasyAI',58,2),('EasyAI',59,2),('EasyAI',60,2),('EasyAI',61,2),('EasyAI',62,2),('EasyAI',63,2),('EasyAI',69,2),('EasyAI',70,2),('EasyAI',71,2),('EasyAI',89,2),('EasyAI',92,2),('EasyAI',93,2),('EasyAI',94,2),('EasyAI',95,2),('EasyAI',96,2),('EasyAI',101,2),('EasyAI',102,2),('EasyAI',103,2),('EasyAI',104,2),('EasyAI',105,2),('EasyAI',106,2),('EasyAI',107,2),('EasyAI',108,2),('EasyAI',109,2),('EasyAI',112,2),('EasyAI',113,2),('EasyAI',120,2),('EasyAI',121,2),('EasyAI',122,2),('EasyAI',131,2),('EasyAI',132,2),('EasyAI',133,2),('EasyAI',134,2),('EasyAI',136,2),('EasyAI',137,2),('EasyAI',138,2),('EasyAI',139,2),('EasyAI',140,2),('EasyAI',141,2),('EasyAI',142,2),('EasyAI',161,2),('EasyAI',169,2),('EasyAI',172,2),('EasyAI',173,2),('EasyAI',174,2),('edumonchique',120,1),('edumonchique',121,1),('edumonchique',122,1),('edumonchique',123,1),('edumonchique',124,1),('edumonchique',125,1),('edumonchique',126,1),('edumonchique',127,1),('edumonchique',128,1),('edumonchique',129,1),('ExpertAI',64,2),('ExpertAI',65,2),('ExpertAI',66,2),('ExpertAI',78,2),('ExpertAI',91,2),('ExpertAI',114,2),('ExpertAI',115,2),('ExpertAI',116,2),('ExpertAI',117,2),('ExpertAI',118,2),('ExpertAI',125,2),('ExpertAI',126,2),('ExpertAI',127,2),('ExpertAI',128,2),('ExpertAI',129,2),('ExpertAI',143,2),('ExpertAI',144,2),('ExpertAI',145,2),('ExpertAI',146,2),('ExpertAI',147,2),('ExpertAI',148,2),('ExpertAI',149,2),('gabi',29,2),('gabi',30,2),('gabi',31,2),('gabi',32,2),('gabi',51,1),('gabi',52,2),('gabi',53,2),('gabi',54,1),('gabi',55,2),('gabi',56,1),('gabi',57,1),('gabi',58,1),('gabi',59,1),('gabi',60,1),('gabi',61,1),('gabi',62,1),('gabi',63,1),('gabi',64,1),('gabi',65,1),('gabi',66,1),('gabi',67,1),('gabi',68,2),('gabi',69,1),('gabi',70,1),('gabi',71,1),('gabi',72,2),('gabi',73,1),('gabi',74,1),('gabi',75,1),('gabi',76,1),('gabi',77,1),('gabi',78,1),('gabi',79,2),('gabi',80,2),('gabi',81,2),('gabi',83,1),('gabi',84,1),('gabi',85,1),('gabi',86,2),('gabi',88,2),('gabi',124,2),('gabi',130,1),('gabi',131,1),('gabi',132,1),('gabi',133,1),('gabi',134,1),('gabi',135,1),('gabi',168,2),('gabi',169,1),('gabi',172,1),('gabi',176,2),('gabi',178,1),('gabi',179,1),('imfvac',87,2),('imfvac',88,1),('imfvac',89,1),('imfvac',90,1),('imfvac',91,1),('imfvac',92,1),('ines',29,1),('ines',30,1),('ines',31,1),('ines',32,1),('ines',52,1),('ines',53,1),('ines',55,1),('ines',68,1),('ines',72,1),('ines',73,2),('ines',75,2),('ines',76,2),('ines',77,2),('ines',79,1),('ines',80,1),('ines',81,1),('ines',83,2),('ines',84,2),('ines',86,1),('ines',87,1),('ines',130,2),('ines',135,2),('ines',167,2),('ines',170,1),('ines',171,1),('IntermediateAI',67,2),('IntermediateAI',74,2),('IntermediateAI',85,2),('IntermediateAI',90,2),('IntermediateAI',97,2),('IntermediateAI',98,2),('IntermediateAI',99,2),('IntermediateAI',100,2),('IntermediateAI',123,2),('IntermediateAI',150,2),('IntermediateAI',151,2),('IntermediateAI',152,2),('IntermediateAI',153,2),('IntermediateAI',154,2),('IntermediateAI',155,2),('IntermediateAI',156,2),('IntermediateAI',157,2),('IntermediateAI',158,2),('IntermediateAI',159,2),('IntermediateAI',160,2),('IntermediateAI',162,2),('IntermediateAI',163,2),('IntermediateAI',164,2),('IntermediateAI',165,2),('IntermediateAI',166,2),('IntermediateAI',170,2),('IntermediateAI',171,2),('IntermediateAI',175,2),('IntermediateAI',178,2),('Martim',94,1),('Martim',95,1),('Martim',96,1),('Martim',97,1),('Martim',98,1),('Martim',99,1),('Martim',100,1),('Martim',110,2),('Martim',119,1),('ola123',101,1),('ola123',102,1),('ola123',103,1),('ola123',104,1),('ola123',105,1),('ola123',106,1),('ola123',107,1),('ola123',108,1),('ola123',109,1),('ola123',110,1),('ola123',111,1),('susy_poozy',136,1),('susy_poozy',137,1),('susy_poozy',138,1),('susy_poozy',139,1),('susy_poozy',140,1),('susy_poozy',141,1),('susy_poozy',142,1),('susy_poozy',143,1),('susy_poozy',144,1),('susy_poozy',145,1),('susy_poozy',146,1),('susy_poozy',147,1),('susy_poozy',148,1),('susy_poozy',149,1),('susy_poozy',150,1),('susy_poozy',151,1),('susy_poozy',152,1),('susy_poozy',153,1),('susy_poozy',154,1),('susy_poozy',155,1),('susy_poozy',156,1),('susy_poozy',157,1),('susy_poozy',158,1),('susy_poozy',159,1),('susy_poozy',160,1),('susy_poozy',161,1),('susy_poozy',162,1),('susy_poozy',163,1),('susy_poozy',164,1),('susy_poozy',165,1),('susy_poozy',166,1),('susy_poozy',167,1),('susy_poozy',168,1),('test13',174,1),('test14',175,1),('test14',176,1),('teste12',173,1);
/*!40000 ALTER TABLE `playermatch` ENABLE KEYS */;
UNLOCK TABLES;
/*!40103 SET TIME_ZONE=@OLD_TIME_ZONE */;

/*!40101 SET SQL_MODE=@OLD_SQL_MODE */;
/*!40014 SET FOREIGN_KEY_CHECKS=@OLD_FOREIGN_KEY_CHECKS */;
/*!40014 SET UNIQUE_CHECKS=@OLD_UNIQUE_CHECKS */;
/*!40101 SET CHARACTER_SET_CLIENT=@OLD_CHARACTER_SET_CLIENT */;
/*!40101 SET CHARACTER_SET_RESULTS=@OLD_CHARACTER_SET_RESULTS */;
/*!40101 SET COLLATION_CONNECTION=@OLD_COLLATION_CONNECTION */;
/*!40111 SET SQL_NOTES=@OLD_SQL_NOTES */;

-- Dump completed on 2025-07-13 12:56:05
